,model_id,gene_symbol,total_copy_number,cn_category
24041,SIDM00056,BCL2,1.0,Loss
24079,SIDM00056,SPOP,3.0,Gain
24110,SIDM00056,MYC,3.0,Gain
24138,SIDM00056,BRCA1,3.0,Gain
24447,SIDM00056,NF1,1.5,Loss
24450,SIDM00056,NCOR1,1.5,Loss
34338,SIDM00081,ATM,3.0,Loss
34417,SIDM00081,BRCA2,3.0,Loss
34458,SIDM00081,FGFR3,3.0,Loss
34548,SIDM00081,SMO,6.0,Gain
34616,SIDM00081,IDH1,6.0,Gain
34636,SIDM00081,EZH2,6.0,Gain
34645,SIDM00081,EP300,6.0,Gain
34671,SIDM00081,CASP8,6.0,Gain
34682,SIDM00081,BAX,6.0,Gain
34684,SIDM00081,ATR,7.0,Gain
34696,SIDM00081,FOXA1,3.0,Loss
34846,SIDM00081,PTEN,3.0,Loss
34863,SIDM00081,RB1,3.0,Loss
34966,SIDM00081,BCL2,3.0,Loss
34979,SIDM00081,CCND1,3.0,Loss
34982,SIDM00081,CDH1,3.0,Loss
54157,SIDM00108,FGFR3,2.0,Loss
54239,SIDM00108,PTEN,2.0,Loss
54240,SIDM00108,PTCH1,2.0,Loss
54330,SIDM00108,NCOR2,2.0,Loss
54573,SIDM00108,MDM2,6.0,Amplification
54591,SIDM00108,JUN,5.0,Gain
74268,SIDM00136,NF1,5.0,Gain
74312,SIDM00136,RB1,4.0,Gain
74316,SIDM00136,SMO,4.0,Gain
74326,SIDM00136,TERT,4.0,Gain
74343,SIDM00136,MYC,9.77,Amplification
74367,SIDM00136,ATM,4.0,Gain
74370,SIDM00136,BAX,4.0,Gain
74377,SIDM00136,BRCA2,4.0,Gain
74383,SIDM00136,CCND1,4.0,Gain
74407,SIDM00136,EGFR,4.0,Gain
74417,SIDM00136,EZH2,4.0,Gain
74437,SIDM00136,NCOR1,2.0,Loss
74536,SIDM00136,CTNNB1,2.0,Loss
74583,SIDM00136,FOXA1,2.0,Loss
74620,SIDM00136,VHL,2.0,Loss
74667,SIDM00136,BCL2,2.0,Loss
74733,SIDM00136,EP300,2.0,Loss
74744,SIDM00136,ERG,2.0,Loss
159793,SIDM00255,ATM,2.0,Loss
159797,SIDM00255,ATR,4.0,Gain
159855,SIDM00255,SMO,2.0,Loss
159864,SIDM00255,SPOP,6.0,Amplification
159961,SIDM00255,JUN,2.0,Loss
159984,SIDM00255,FOXA1,2.0,Loss
159999,SIDM00255,EZH2,2.0,Loss
160062,SIDM00255,BAX,2.0,Loss
160182,SIDM00255,TSC1,4.0,Gain
160209,SIDM00255,DAXX,4.0,Gain
160228,SIDM00255,CCND1,4.0,Gain
160229,SIDM00255,CASP8,4.0,Gain
160230,SIDM00255,BRCA2,4.0,Gain
160231,SIDM00255,BRCA1,4.0,Gain
160263,SIDM00255,RB1,4.0,Gain
160275,SIDM00255,PTCH1,4.0,Gain
160306,SIDM00255,NF1,4.0,Gain
160308,SIDM00255,NCOR2,5.0,Gain
160309,SIDM00255,NCOR1,4.0,Gain
160319,SIDM00255,MDM2,4.0,Gain
160339,SIDM00255,IDH1,4.0,Gain
160375,SIDM00255,ETV1,4.0,Gain
160381,SIDM00255,EP300,4.0,Gain
160467,SIDM00255,EGFR,4.0,Gain
167511,SIDM00266,EZH2,1.0,Loss
168071,SIDM00266,BCL2,1.0,Loss
168120,SIDM00266,CDH1,1.0,Loss
168160,SIDM00266,SMO,1.0,Loss
179239,SIDM00283,SMO,3.0,Gain
179264,SIDM00283,NCOR2,3.0,Gain
179268,SIDM00283,MDM2,3.0,Gain
179293,SIDM00283,EZH2,3.0,Gain
179295,SIDM00283,ETV1,3.0,Gain
179302,SIDM00283,EGFR,3.0,Gain
179629,SIDM00284,EGFR,3.0,Gain
179631,SIDM00284,ETV1,3.0,Gain
180087,SIDM00284,SMO,3.0,Gain
181263,SIDM00286,DAXX,3.0,Gain
181311,SIDM00286,EZH2,3.0,Gain
181339,SIDM00286,FOXA1,1.0,Loss
181630,SIDM00286,SMO,3.0,Gain
181727,SIDM00286,CASP8,3.0,Gain
181732,SIDM00286,CDH1,3.0,Gain
181753,SIDM00286,IDH1,3.0,Gain
181801,SIDM00286,SPOP,4.0,Amplification
181922,SIDM00286,ATM,1.0,Loss
184970,SIDM00292,TERT,1.0,Loss
185040,SIDM00292,VHL,1.0,Loss
185047,SIDM00292,TSC2,1.0,Loss
185118,SIDM00292,CTNNB1,1.0,Loss
185159,SIDM00292,EP300,1.0,Loss
185372,SIDM00292,NCOR1,1.0,Loss
185460,SIDM00292,PTEN,1.0,Loss
185485,SIDM00292,RB1,1.0,Loss
185614,SIDM00292,AXIN1,1.0,Loss
185622,SIDM00292,BCL2,1.0,Loss
185636,SIDM00292,BRCA1,1.0,Loss
185637,SIDM00292,BRCA2,1.0,Loss
185700,SIDM00292,SPOP,3.0,Gain
185707,SIDM00292,NF1,3.0,Gain
185715,SIDM00292,FGFR3,3.0,Gain
185722,SIDM00292,CDH1,3.0,Gain
222272,SIDM00337,EP300,6.0,Amplification
222276,SIDM00337,CCND1,7.0,Amplification
222285,SIDM00337,PTCH1,2.0,Loss
222470,SIDM00337,CDH1,2.0,Loss
222514,SIDM00337,DAXX,5.0,Gain
222735,SIDM00337,NCOR1,2.0,Loss
222817,SIDM00337,PTEN,2.0,Loss
255070,SIDM00380,PTCH1,2.0,Loss
255106,SIDM00380,BAX,2.0,Loss
255329,SIDM00380,MDM2,2.0,Loss
255359,SIDM00380,NCOR2,2.0,Loss
255421,SIDM00380,TSC1,4.0,Gain
255538,SIDM00380,ERG,4.0,Gain
255707,SIDM00380,MYC,8.51,Amplification
263387,SIDM00391,BCL2,9.76,Amplification
263472,SIDM00391,EZH2,3.0,Gain
263517,SIDM00391,BRCA2,1.0,Loss
263543,SIDM00391,CDH1,1.0,Loss
263612,SIDM00391,JUN,0.99,Loss
263681,SIDM00391,FOXA1,1.0,Loss
263919,SIDM00391,RB1,1.0,Loss
264091,SIDM00391,CCND1,3.0,Gain
264097,SIDM00391,ATM,3.0,Gain
264121,SIDM00391,SMO,3.0,Gain
283355,SIDM00415,SMO,3.0,Gain
283369,SIDM00415,EZH2,3.0,Gain
283391,SIDM00415,BCL2,3.0,Gain
284075,SIDM00415,NCOR1,1.0,Loss
284810,SIDM00416,BCL2,4.0,Amplification
284838,SIDM00416,MDM2,3.0,Gain
292551,SIDM00424,CDH1,5.0,Amplification
292557,SIDM00424,ATM,5.0,Amplification
292740,SIDM00424,NCOR1,1.0,Loss
292811,SIDM00424,PTCH1,1.0,Loss
292964,SIDM00424,EGFR,3.0,Gain
293000,SIDM00424,SMO,3.0,Gain
293013,SIDM00424,VHL,3.0,Gain
293019,SIDM00424,TSC2,3.0,Gain
293027,SIDM00424,ATR,3.0,Gain
293028,SIDM00424,AXIN1,3.0,Gain
296394,SIDM00428,FGFR3,5.0,Gain
296573,SIDM00428,SPOP,2.0,Loss
296654,SIDM00428,AXIN1,2.0,Loss
296677,SIDM00428,BRCA1,2.0,Loss
296777,SIDM00428,EGFR,5.0,Gain
296805,SIDM00428,ETV1,5.0,Gain
296984,SIDM00428,MYC,2.0,Loss
296997,SIDM00428,NCOR1,5.0,Gain
297193,SIDM00428,AXIN1,2.0,Loss
297229,SIDM00428,FGFR3,5.0,Gain
297239,SIDM00428,NCOR2,5.0,Gain
297370,SIDM00428,NCOR2,5.0,Gain
297384,SIDM00428,CASP8,4.0,Gain
297467,SIDM00428,SMO,4.0,Gain
297474,SIDM00428,NF1,4.0,Gain
297504,SIDM00428,DAXX,5.0,Gain
297505,SIDM00428,MDM2,4.0,Gain
297506,SIDM00428,TERT,4.0,Gain
297517,SIDM00428,JUN,2.0,Loss
297533,SIDM00428,CDH1,4.0,Gain
297535,SIDM00428,ETV1,1.33,Loss
297572,SIDM00428,NCOR1,4.0,Gain
297611,SIDM00428,EZH2,5.0,Gain
297681,SIDM00428,MYC,2.0,Loss
297903,SIDM00428,CCND1,4.0,Gain
297906,SIDM00428,IDH1,4.0,Gain
297912,SIDM00428,EGFR,5.0,Gain
307926,SIDM00444,TERT,3.0,Gain
307942,SIDM00444,MYC,3.0,Gain
307943,SIDM00444,MDM2,3.0,Gain
308280,SIDM00444,TSC2,1.0,Loss
308341,SIDM00444,SMO,1.0,Loss
308377,SIDM00444,NCOR2,0.0,Deletion
308443,SIDM00444,AXIN1,1.0,Loss
308452,SIDM00444,BCL2,1.0,Loss
308561,SIDM00444,EGFR,1.0,Loss
308589,SIDM00444,ETV1,1.0,Loss
308594,SIDM00444,EZH2,1.0,Loss
309828,SIDM00446,MYC,3.0,Gain
346796,SIDM00496,SMO,2.0,Loss
346897,SIDM00496,BAX,2.0,Loss
346917,SIDM00496,CASP8,2.0,Loss
346987,SIDM00496,EGFR,2.0,Loss
347004,SIDM00496,ERG,2.0,Loss
347005,SIDM00496,ETV1,2.0,Loss
347008,SIDM00496,EZH2,2.0,Loss
347076,SIDM00496,IDH1,2.0,Loss
347130,SIDM00496,MDM2,2.0,Loss
347152,SIDM00496,NCOR1,2.0,Loss
347401,SIDM00496,ATM,4.0,Gain
347405,SIDM00496,AR,4.0,Gain
347409,SIDM00496,ATR,4.0,Gain
347464,SIDM00496,MED12,4.0,Gain
347470,SIDM00496,MYC,4.0,Gain
347472,SIDM00496,NCOR2,4.0,Gain
355206,SIDM00506,TSC1,5.0,Gain
355215,SIDM00506,PTCH1,5.0,Gain
355222,SIDM00506,MYC,5.0,Gain
355228,SIDM00506,TERT,7.0,Amplification
355440,SIDM00506,CTNNB1,2.0,Loss
355444,SIDM00506,EP300,2.0,Loss
355495,SIDM00506,NCOR1,2.0,Loss
355498,SIDM00506,NF1,2.0,Loss
355591,SIDM00506,PTEN,2.0,Loss
355608,SIDM00506,RB1,2.0,Loss
355829,SIDM00506,MAP3K1,2.0,Loss
355891,SIDM00506,VHL,2.0,Loss
356793,SIDM00508,NCOR1,2.0,Loss
356814,SIDM00508,RB1,1.0,Loss
356964,SIDM00508,ATR,2.0,Loss
357029,SIDM00508,CTNNB1,2.0,Loss
357055,SIDM00508,EP300,2.0,Loss
357094,SIDM00508,FGFR3,2.0,Loss
357323,SIDM00508,VHL,2.0,Loss
357352,SIDM00508,BAX,4.0,Gain
357353,SIDM00508,BCL2,4.0,Gain
357381,SIDM00508,ERG,4.0,Gain
357408,SIDM00508,MAP3K1,4.0,Gain
357440,SIDM00508,TERT,5.0,Gain
366526,SIDM00521,EZH2,4.0,Gain
366558,SIDM00521,AXIN1,2.0,Loss
366565,SIDM00521,PTEN,2.0,Loss
366589,SIDM00521,IDH1,2.0,Loss
366634,SIDM00521,TSC2,2.0,Loss
366705,SIDM00521,DAXX,4.0,Gain
366707,SIDM00521,FOXA1,4.0,Gain
366750,SIDM00521,CDH1,2.0,Loss
366763,SIDM00521,ETV1,1.68,Loss
366825,SIDM00521,MAP3K1,2.03,Loss
366861,SIDM00521,NCOR1,2.0,Loss
367098,SIDM00521,CDH1,0.17,Deletion
367121,SIDM00521,CTNNB1,2.0,Loss
367166,SIDM00521,ERG,2.0,Loss
367305,SIDM00521,TERT,6.0,Amplification
367328,SIDM00521,AXIN1,2.0,Loss
367347,SIDM00521,VHL,2.0,Loss
367396,SIDM00521,TERT,6.0,Amplification
367439,SIDM00521,BRCA1,4.0,Gain
367440,SIDM00521,TSC1,4.0,Gain
367485,SIDM00521,PTEN,2.0,Loss
367494,SIDM00521,CTNNB1,2.0,Loss
367545,SIDM00521,ATM,4.0,Gain
367546,SIDM00521,BCL2,5.0,Gain
367560,SIDM00521,ETV1,4.0,Gain
367564,SIDM00521,FOXA1,4.0,Gain
367594,SIDM00521,PTCH1,4.0,Gain
367614,SIDM00521,TSC1,4.0,Gain
367738,SIDM00521,IDH1,2.0,Loss
367771,SIDM00521,NCOR1,2.0,Loss
367824,SIDM00521,TSC2,2.0,Loss
367831,SIDM00521,VHL,2.0,Loss
367923,SIDM00521,ATM,4.0,Gain
368028,SIDM00521,BCL2,6.0,Amplification
369589,SIDM00524,VHL,1.0,Loss
369592,SIDM00524,SMO,3.0,Gain
369762,SIDM00524,VHL,1.0,Loss
369837,SIDM00524,BRCA2,1.0,Loss
369864,SIDM00524,CDH1,1.0,Loss
369893,SIDM00524,CTNNB1,1.0,Loss
369968,SIDM00524,FGFR3,1.0,Loss
370069,SIDM00524,MAP3K1,1.0,Loss
370074,SIDM00524,MDM2,0.62,Loss
370103,SIDM00524,NCOR1,1.0,Loss
370183,SIDM00524,PTCH1,1.0,Loss
370184,SIDM00524,PTEN,1.0,Loss
370204,SIDM00524,RB1,1.0,Loss
370245,SIDM00524,NCOR1,1.0,Loss
370256,SIDM00524,FOXA1,4.0,Amplification
370313,SIDM00524,RB1,1.0,Loss
370316,SIDM00524,PTEN,1.0,Loss
370405,SIDM00524,ATM,3.0,Gain
370464,SIDM00524,EP300,1.0,Loss
370559,SIDM00524,SMO,3.0,Gain
370583,SIDM00524,MYC,3.0,Gain
370601,SIDM00524,FOXA1,3.0,Gain
370607,SIDM00524,EZH2,3.0,Gain
370611,SIDM00524,EGFR,3.0,Gain
370627,SIDM00524,ATM,3.0,Gain
370653,SIDM00524,MDM2,1.0,Loss
370672,SIDM00524,ETV1,0.87,Loss
370674,SIDM00524,EP300,1.0,Loss
370751,SIDM00524,CDH1,1.0,Loss
370804,SIDM00524,CTNNB1,1.0,Loss
370878,SIDM00524,FGFR3,1.04,Loss
370906,SIDM00524,PTCH1,1.0,Loss
370963,SIDM00524,MYC,3.0,Gain
370995,SIDM00524,MAP3K1,1.0,Loss
371005,SIDM00524,BRCA2,1.0,Loss
372595,SIDM00527,SMO,6.0,Gain
372625,SIDM00527,EZH2,6.0,Gain
372626,SIDM00527,ETV1,6.0,Gain
372628,SIDM00527,EGFR,6.0,Gain
372657,SIDM00527,BRCA2,3.0,Loss
372745,SIDM00527,FOXA1,3.0,Loss
372806,SIDM00527,JUN,3.0,Loss
372853,SIDM00527,MAP3K1,3.0,Loss
373089,SIDM00527,TERT,3.0,Loss
373116,SIDM00527,TSC2,3.0,Loss
373190,SIDM00527,AXIN1,3.0,Loss
373198,SIDM00527,BCL2,3.0,Loss
373238,SIDM00527,CDH1,3.0,Loss
397505,SIDM00562,MAP3K1,5.0,Gain
397509,SIDM00562,MYC,5.0,Gain
397541,SIDM00562,TERT,5.0,Gain
397546,SIDM00562,SMO,6.0,Gain
397571,SIDM00562,ATM,5.0,Gain
397590,SIDM00562,DAXX,5.0,Gain
397597,SIDM00562,EGFR,5.0,Gain
397601,SIDM00562,ETV1,5.0,Gain
397603,SIDM00562,EZH2,6.0,Gain
397819,SIDM00562,TSC1,2.0,Loss
397914,SIDM00562,FGFR3,2.0,Loss
398090,SIDM00562,CDH1,2.0,Loss
401679,SIDM00568,ATM,3.0,Gain
401681,SIDM00568,AXIN1,3.0,Gain
401689,SIDM00568,BRCA2,4.0,Gain
401693,SIDM00568,CCND1,3.0,Gain
401716,SIDM00568,EGFR,3.0,Gain
401726,SIDM00568,EZH2,4.0,Gain
401740,SIDM00568,FOXA1,4.0,Gain
401781,SIDM00568,MYC,3.0,Gain
401820,SIDM00568,RB1,4.0,Gain
401838,SIDM00568,SMO,4.0,Gain
401861,SIDM00568,TSC2,3.0,Gain
411982,SIDM00580,TERT,4.0,Amplification
412062,SIDM00580,EZH2,1.0,Loss
412646,SIDM00580,MYC,3.0,Gain
412669,SIDM00580,ATR,3.0,Gain
412671,SIDM00580,BRCA2,3.0,Gain
419725,SIDM00588,FOXA1,5.0,Gain
419775,SIDM00588,ERG,2.0,Loss
419910,SIDM00588,FGFR3,2.0,Loss
419917,SIDM00588,CCND1,10.48,Amplification
420040,SIDM00588,ETV1,7.0,Amplification
420041,SIDM00588,CCND1,7.0,Amplification
420054,SIDM00588,MYC,5.0,Gain
420208,SIDM00588,EGFR,6.0,Gain
420320,SIDM00588,EGFR,6.0,Gain
420457,SIDM00588,ERG,2.0,Loss
420491,SIDM00588,FGFR3,2.0,Loss
420500,SIDM00588,FOXA1,5.0,Gain
440311,SIDM00619,FGFR3,2.0,Loss
440400,SIDM00619,AXIN1,3.0,Loss
440408,SIDM00619,BCL2,3.0,Loss
440423,SIDM00619,BRCA1,3.0,Loss
440424,SIDM00619,BRCA2,3.0,Loss
440450,SIDM00619,CDH1,3.0,Loss
440484,SIDM00619,CTNNB1,2.0,Loss
440516,SIDM00619,EGFR,3.0,Loss
440566,SIDM00619,MYC,3.0,Loss
440665,SIDM00619,PTCH1,3.0,Loss
440666,SIDM00619,PTEN,3.0,Loss
440687,SIDM00619,RB1,3.0,Loss
440795,SIDM00619,TSC2,3.0,Loss
440801,SIDM00619,VHL,2.0,Loss
440843,SIDM00619,EP300,3.0,Loss
440856,SIDM00619,ERG,3.0,Loss
441008,SIDM00619,SPOP,7.0,Gain
441012,SIDM00619,TERT,7.0,Gain
441032,SIDM00619,CCND1,6.0,Gain
449466,SIDM00631,BRCA2,4.0,Gain
449484,SIDM00631,DAXX,5.0,Gain
449510,SIDM00631,FOXA1,4.0,Gain
449545,SIDM00631,MDM2,4.0,Gain
449549,SIDM00631,MYC,4.0,Gain
449556,SIDM00631,NF1,5.0,Gain
449584,SIDM00631,RB1,4.0,Gain
449602,SIDM00631,SPOP,5.0,Gain
449614,SIDM00631,TERT,4.0,Gain
449627,SIDM00631,VHL,4.0,Gain
449702,SIDM00631,BRCA1,2.0,Loss
449740,SIDM00631,EZH2,1.46,Loss
449766,SIDM00631,IDH1,2.0,Loss
449794,SIDM00631,ATM,2.0,Loss
449797,SIDM00631,AXIN1,2.0,Loss
449802,SIDM00631,BCL2,1.0,Loss
449818,SIDM00631,CASP8,2.0,Loss
449828,SIDM00631,CDH1,2.0,Loss
449895,SIDM00631,TSC2,2.0,Loss
449940,SIDM00631,EP300,2.0,Loss
449968,SIDM00631,FGFR3,4.0,Gain
450004,SIDM00631,JUN,1.0,Loss
450042,SIDM00631,MAP3K1,2.0,Loss
450064,SIDM00631,NCOR1,2.0,Loss
450127,SIDM00631,PTEN,2.0,Loss
450202,SIDM00631,CCND1,23.83,Amplification
488770,SIDM00683,BRCA2,1.0,Loss
489063,SIDM00683,PTEN,1.0,Loss
489087,SIDM00683,ETV1,0.6,Loss
489354,SIDM00683,PTEN,1.0,Loss
489568,SIDM00683,BAX,1.0,Loss
489988,SIDM00683,BAX,1.0,Loss
497833,SIDM00695,FGFR3,2.0,Loss
497867,SIDM00695,ERG,2.0,Loss
497966,SIDM00695,CCND1,2.0,Loss
498000,SIDM00695,BCL2,2.0,Loss
498009,SIDM00695,AXIN1,2.0,Loss
498011,SIDM00695,ATM,2.0,Loss
498074,SIDM00695,VHL,4.0,Gain
498081,SIDM00695,ATR,4.0,Gain
498282,SIDM00695,JUN,2.0,Loss
498351,SIDM00695,PTEN,2.0,Loss
499324,SIDM00697,NF1,3.0,Gain
499371,SIDM00697,PTEN,0.0,Deletion
499500,SIDM00697,PTEN,0.0,Deletion
499566,SIDM00697,BRCA2,1.0,Loss
499619,SIDM00697,CTNNB1,1.0,Loss
499900,SIDM00697,RB1,1.0,Loss
500000,SIDM00697,VHL,1.0,Loss
500182,SIDM00697,VHL,1.0,Loss
500183,SIDM00697,BRCA2,1.0,Loss
500249,SIDM00697,ETV1,0.64,Loss
500343,SIDM00697,MYC,3.0,Gain
500346,SIDM00697,NF1,3.0,Gain
500378,SIDM00697,SPOP,3.0,Gain
500408,SIDM00697,BRCA1,3.0,Gain
500411,SIDM00697,BAX,3.0,Gain
500413,SIDM00697,ATR,3.0,Gain
500459,SIDM00697,SPOP,3.0,Gain
500478,SIDM00697,BRCA1,3.0,Gain
500604,SIDM00697,ATR,3.0,Gain
500622,SIDM00697,CTNNB1,1.0,Loss
500662,SIDM00697,RB1,1.0,Loss
500720,SIDM00697,MYC,3.0,Gain
500723,SIDM00697,BAX,3.0,Gain
502374,SIDM00700,CTNNB1,3.0,Loss
502397,SIDM00700,TSC2,3.0,Loss
502404,SIDM00700,ATM,6.0,Gain
502407,SIDM00700,CCND1,6.0,Gain
502416,SIDM00700,FOXA1,6.0,Gain
502438,SIDM00700,TERT,7.0,Gain
502579,SIDM00700,RB1,2.0,Loss
502633,SIDM00700,SMO,3.0,Loss
502699,SIDM00700,TSC1,3.0,Loss
502708,SIDM00700,VHL,3.0,Loss
502771,SIDM00700,AXIN1,3.0,Loss
502779,SIDM00700,BCL2,3.0,Loss
502792,SIDM00700,BRCA2,2.0,Loss
502886,SIDM00700,EP300,2.0,Loss
502899,SIDM00700,ERG,2.0,Loss
502909,SIDM00700,EZH2,3.0,Loss
503004,SIDM00700,JUN,3.0,Loss
509955,SIDM00710,TERT,6.0,Amplification
509962,SIDM00710,AR,4.0,Gain
509970,SIDM00710,ATR,5.0,Gain
509982,SIDM00710,BRCA1,5.0,Gain
510016,SIDM00710,DAXX,4.0,Gain
510029,SIDM00710,EGFR,4.0,Gain
510042,SIDM00710,ETV1,4.0,Gain
510047,SIDM00710,EZH2,4.0,Gain
510057,SIDM00710,FGFR3,4.0,Gain
510121,SIDM00710,MDM2,4.0,Gain
510124,SIDM00710,MED12,4.0,Gain
510140,SIDM00710,NCOR2,4.0,Gain
510210,SIDM00710,SMO,4.0,Gain
510215,SIDM00710,SPOP,5.0,Gain
510276,SIDM00710,CDH1,2.0,Loss
510287,SIDM00710,CTNNB1,1.47,Loss
510311,SIDM00710,ERG,2.0,Loss
510354,SIDM00710,MAP3K1,2.0,Loss
510359,SIDM00710,MYC,2.0,Loss
510363,SIDM00710,NCOR1,2.0,Loss
510393,SIDM00710,PTEN,2.0,Loss
510400,SIDM00710,RB1,2.0,Loss
510586,SIDM00710,EP300,2.0,Loss
510620,SIDM00710,BRCA2,2.0,Loss
510669,SIDM00710,NF1,2.0,Loss
513816,SIDM00716,ATR,2.0,Loss
513965,SIDM00716,FOXA1,13.35,Amplification
513970,SIDM00716,MYC,242.27,Amplification
513992,SIDM00716,TSC1,2.0,Loss
513993,SIDM00716,TSC2,2.0,Loss
514000,SIDM00716,VHL,2.0,Loss
514044,SIDM00716,AXIN1,2.0,Loss
514092,SIDM00716,CTNNB1,2.0,Loss
514120,SIDM00716,ERG,2.0,Loss
514204,SIDM00716,JUN,2.0,Loss
514231,SIDM00716,MAP3K1,2.0,Loss
514265,SIDM00716,NCOR1,2.0,Loss
514266,SIDM00716,NCOR2,2.0,Loss
514323,SIDM00716,PTCH1,2.0,Loss
514324,SIDM00716,PTEN,2.0,Loss
514443,SIDM00716,SMO,5.0,Gain
514456,SIDM00716,RB1,4.0,Gain
514485,SIDM00716,MDM2,4.0,Gain
514505,SIDM00716,BAX,4.0,Gain
514510,SIDM00716,BRCA2,4.0,Gain
514542,SIDM00716,EZH2,5.0,Gain
516130,SIDM00719,PTCH1,2.0,Loss
516131,SIDM00719,PTEN,2.0,Loss
516274,SIDM00719,VHL,2.0,Loss
516324,SIDM00719,NCOR1,2.0,Loss
516436,SIDM00719,RB1,1.0,Loss
516492,SIDM00719,ATR,2.0,Loss
516498,SIDM00719,BAX,2.0,Loss
516511,SIDM00719,BRCA2,2.0,Loss
516542,SIDM00719,CDH1,2.0,Loss
516578,SIDM00719,CTNNB1,2.0,Loss
516611,SIDM00719,EP300,2.0,Loss
516657,SIDM00719,FGFR3,2.0,Loss
516768,SIDM00719,MAP3K1,2.0,Loss
516826,SIDM00719,ERG,4.0,Gain
516839,SIDM00719,MYC,4.0,Gain
552991,SIDM00770,FGFR3,2.0,Loss
553043,SIDM00770,TERT,5.0,Gain
553111,SIDM00770,ATR,4.0,Gain
553130,SIDM00770,BCL2,2.0,Loss
553213,SIDM00770,NCOR2,4.0,Gain
553280,SIDM00770,RB1,0.0,Deletion
553296,SIDM00770,AXIN1,2.0,Loss
553299,SIDM00770,MYC,4.0,Gain
553323,SIDM00770,ETV1,1.16,Loss
553324,SIDM00770,CDH1,2.0,Loss
553406,SIDM00770,EP300,2.0,Loss
553414,SIDM00770,DAXX,4.0,Gain
553415,SIDM00770,TERT,5.0,Gain
553424,SIDM00770,FOXA1,4.0,Gain
553440,SIDM00770,TSC1,2.0,Loss
553514,SIDM00770,MAP3K1,2.0,Loss
553605,SIDM00770,RB1,0.0,Deletion
553857,SIDM00770,VHL,2.0,Loss
553974,SIDM00770,CDH1,1.0,Loss
554007,SIDM00770,CTNNB1,2.0,Loss
554092,SIDM00770,FGFR3,2.0,Loss
554202,SIDM00770,MAP3K1,2.0,Loss
554316,SIDM00770,VHL,2.0,Loss
554430,SIDM00770,TSC2,2.0,Loss
554473,SIDM00770,CTNNB1,2.0,Loss
554481,SIDM00770,PTCH1,2.0,Loss
571506,SIDM00795,DAXX,2.0,Loss
571537,SIDM00795,EP300,2.0,Loss
571546,SIDM00795,ERG,2.0,Loss
571592,SIDM00795,FOXA1,2.0,Loss
571655,SIDM00795,ATM,2.0,Loss
571668,SIDM00795,BCL2,2.0,Loss
571690,SIDM00795,CASP8,2.0,Loss
571979,SIDM00795,IDH1,2.0,Loss
588348,SIDM00826,BRCA2,7.0,Amplification
588365,SIDM00826,RB1,7.0,Amplification
588416,SIDM00826,VHL,2.0,Loss
588671,SIDM00826,BCL2,2.0,Loss
588746,SIDM00826,CTNNB1,2.0,Loss
588752,SIDM00826,DAXX,2.0,Loss
602148,SIDM00850,BAX,4.0,Amplification
602268,SIDM00850,BCL2,1.0,Loss
602686,SIDM00850,FOXA1,3.0,Gain
623765,SIDM00881,RB1,2.0,Loss
623897,SIDM00881,CCND1,5.0,Gain
623913,SIDM00881,BRCA2,2.0,Loss
623921,SIDM00881,BCL2,1.0,Loss
623972,SIDM00881,EP300,2.0,Loss
624007,SIDM00881,FGFR3,2.0,Loss
624057,SIDM00881,JUN,2.0,Loss
624096,SIDM00881,MDM2,6.0,Gain
624117,SIDM00881,NCOR1,2.0,Loss
624120,SIDM00881,NF1,2.0,Loss
624163,SIDM00881,MYC,10.7,Amplification
624175,SIDM00881,SPOP,7.0,Amplification
624197,SIDM00881,TSC2,5.0,Gain
624294,SIDM00881,CDH1,5.0,Gain
624308,SIDM00881,BAX,5.0,Gain
624309,SIDM00881,AXIN1,5.0,Gain
624314,SIDM00881,AR,5.0,Gain
624418,SIDM00881,CTNNB1,2.0,Loss
628306,SIDM00886,SMO,5.0,Gain
628331,SIDM00886,MYC,5.0,Gain
628356,SIDM00886,EZH2,5.0,Gain
628359,SIDM00886,ETV1,5.0,Gain
628364,SIDM00886,EGFR,5.0,Gain
628411,SIDM00886,FGFR3,2.0,Loss
628516,SIDM00886,PTEN,2.0,Loss
628517,SIDM00886,PTCH1,2.0,Loss
628585,SIDM00886,VHL,2.0,Loss
628723,SIDM00886,CTNNB1,2.0,Loss
628787,SIDM00886,TSC1,2.0,Loss
628808,SIDM00886,RB1,2.0,Loss
628849,SIDM00886,BRCA2,2.0,Loss
628895,SIDM00886,ATR,2.0,Loss
631535,SIDM00890,ATM,1.15,Loss
631575,SIDM00890,CASP8,3.0,Gain
631627,SIDM00890,PTEN,0.0,Deletion
632033,SIDM00890,EZH2,6.0,Amplification
632050,SIDM00890,SMO,6.0,Amplification
632066,SIDM00890,MYC,3.0,Gain
632070,SIDM00890,IDH1,3.0,Gain
632076,SIDM00890,EP300,3.0,Gain
632298,SIDM00892,ATR,5.0,Gain
632322,SIDM00892,ETV1,5.0,Gain
632359,SIDM00892,MDM2,5.0,Gain
632365,SIDM00892,NCOR2,6.0,Gain
632393,SIDM00892,SMO,5.0,Gain
632418,SIDM00892,MYC,7.0,Amplification
632557,SIDM00892,DAXX,5.0,Gain
632573,SIDM00892,EGFR,5.0,Gain
632578,SIDM00892,EP300,2.0,Loss
632593,SIDM00892,EZH2,5.0,Gain
632618,SIDM00892,FOXA1,6.0,Gain
632707,SIDM00892,NCOR1,2.0,Loss
642934,SIDM00910,SPOP,5.0,Amplification
642946,SIDM00910,BRCA1,4.0,Amplification
643007,SIDM00910,JUN,1.0,Loss
643478,SIDM00910,CDH1,3.0,Gain
646049,SIDM00920,CCND1,11.72,Amplification
646052,SIDM00920,DAXX,7.0,Amplification
646111,SIDM00920,CDH1,5.0,Gain
646363,SIDM00920,EZH2,5.0,Gain
646450,SIDM00920,JUN,2.0,Loss
646519,SIDM00920,MYC,6.0,Gain
646524,SIDM00920,NCOR1,2.0,Loss
646525,SIDM00920,NCOR2,1.0,Loss
646676,SIDM00920,SMO,5.0,Gain
666045,SIDM00944,EZH2,4.0,Amplification
666129,SIDM00944,BCL2,1.0,Loss
666346,SIDM00944,ETV1,4.0,Amplification
666348,SIDM00944,EGFR,4.0,Amplification
666362,SIDM00944,NCOR1,1.0,Loss
666538,SIDM00944,CDH1,3.0,Gain
666583,SIDM00944,ETV1,1.41,Loss
666614,SIDM00944,BCL2,1.0,Loss
666679,SIDM00944,NCOR1,1.0,Loss
666900,SIDM00944,EZH2,3.0,Gain
666911,SIDM00944,CDH1,3.0,Gain
666917,SIDM00944,ATM,3.0,Gain
666921,SIDM00944,SMO,3.0,Gain
666990,SIDM00944,DAXX,1.37,Loss
667018,SIDM00944,EP300,1.0,Loss
667096,SIDM00944,EP300,1.0,Loss
667226,SIDM00944,ATM,3.0,Gain
667318,SIDM00944,SMO,3.0,Gain
667366,SIDM00944,EGFR,4.0,Amplification
684242,SIDM00964,VHL,2.0,Loss
684414,SIDM00964,NCOR2,2.0,Loss
684769,SIDM00964,CTNNB1,2.0,Loss
684812,SIDM00964,EP300,2.0,Loss
684867,SIDM00964,FGFR3,2.0,Loss
684909,SIDM00964,MDM2,6.0,Amplification
689527,SIDM00971,TERT,6.0,Gain
689534,SIDM00971,BAX,5.0,Gain
689541,SIDM00971,DAXX,5.0,Gain
689557,SIDM00971,NF1,2.0,Loss
689710,SIDM00971,SPOP,5.88,Gain
689816,SIDM00971,MYC,10.02,Amplification
689932,SIDM00971,CDH1,2.0,Loss
690005,SIDM00971,NCOR1,2.0,Loss
690227,SIDM00971,BRCA1,2.0,Loss
690239,SIDM00971,BCL2,2.0,Loss
690251,SIDM00971,ATM,2.0,Loss
691827,SIDM00974,ATR,4.0,Gain
691834,SIDM00974,BRCA2,4.0,Gain
691848,SIDM00974,CTNNB1,4.0,Gain
691855,SIDM00974,EP300,4.0,Gain
691859,SIDM00974,EZH2,4.0,Gain
691893,SIDM00974,MAP3K1,4.0,Gain
691960,SIDM00974,SMO,4.0,Gain
691978,SIDM00974,VHL,4.0,Gain
692030,SIDM00974,ERG,4.0,Gain
692059,SIDM00974,FGFR3,2.0,Loss
692142,SIDM00974,MDM2,2.0,Loss
692165,SIDM00974,NCOR1,2.0,Loss
692166,SIDM00974,NCOR2,2.0,Loss
692168,SIDM00974,NF1,2.0,Loss
692218,SIDM00974,PTCH1,2.0,Loss
692219,SIDM00974,PTEN,2.0,Loss
692234,SIDM00974,RB1,4.0,Gain
692293,SIDM00974,TERT,4.0,Gain
692384,SIDM00974,CDH1,2.0,Loss
692478,SIDM00974,TSC1,2.0,Loss
692506,SIDM00974,BRCA1,2.0,Loss
692544,SIDM00974,FOXA1,2.0,Loss
699528,SIDM00987,AR,7.0,Gain
699660,SIDM00987,EP300,3.0,Loss
700115,SIDM00987,TERT,6.0,Gain
700119,SIDM00987,SMO,7.0,Gain
700143,SIDM00987,MAP3K1,6.0,Gain
700159,SIDM00987,CCND1,6.0,Gain
700183,SIDM00987,ETV1,6.0,Gain
700186,SIDM00987,EZH2,7.0,Gain
700196,SIDM00987,MYC,26.32,Amplification
712267,SIDM01001,MAP3K1,2.0,Loss
712434,SIDM01001,RB1,0.0,Deletion
723299,SIDM01015,NCOR1,1.0,Loss
723442,SIDM01015,MYC,16.49,Amplification
723666,SIDM01015,EZH2,1.0,Loss
723867,SIDM01015,NCOR1,1.0,Loss
723968,SIDM01015,PTCH1,1.0,Loss
724198,SIDM01015,PTCH1,1.0,Loss
724317,SIDM01015,ETV1,0.74,Loss
724491,SIDM01015,MYC,17.09,Amplification
724596,SIDM01015,BCL2,1.0,Loss
724669,SIDM01015,EZH2,1.0,Loss
724706,SIDM01015,BCL2,1.0,Loss
727842,SIDM01019,RB1,0.0,Deletion
727910,SIDM01019,NCOR1,2.0,Loss
727965,SIDM01019,BRCA1,5.0,Gain
727968,SIDM01019,BAX,5.0,Gain
728011,SIDM01019,NF1,6.0,Gain
728108,SIDM01019,BRCA2,2.0,Loss
728191,SIDM01019,SPOP,5.0,Gain
728368,SIDM01019,FOXA1,2.0,Loss
728595,SIDM01019,PTCH1,2.0,Loss
756339,SIDM01056,NCOR2,4.0,Gain
756342,SIDM01056,MYC,4.0,Gain
756350,SIDM01056,MDM2,4.0,Gain
756412,SIDM01056,DAXX,5.0,Gain
756427,SIDM01056,CCND1,4.0,Gain
756434,SIDM01056,BRCA2,4.0,Gain
756440,SIDM01056,AXIN1,4.0,Gain
756441,SIDM01056,ATR,4.0,Gain
756460,SIDM01056,TSC2,4.0,Gain
756461,SIDM01056,TSC1,4.0,Gain
756509,SIDM01056,RB1,4.0,Gain
756542,SIDM01056,BRCA1,2.0,Loss
756646,SIDM01056,MAP3K1,2.0,Loss
756663,SIDM01056,NCOR1,1.0,Loss
756896,SIDM01056,PTEN,2.0,Loss
756923,SIDM01056,SMO,2.0,Loss
756950,SIDM01056,BCL2,1.0,Loss
756966,SIDM01056,CDH1,2.0,Loss
757008,SIDM01056,EP300,2.0,Loss
757037,SIDM01056,FGFR3,2.0,Loss
760195,SIDM01059,BCL2,2.0,Loss
760476,SIDM01059,NCOR1,2.0,Loss
760722,SIDM01059,SPOP,5.0,Gain
760766,SIDM01059,NCOR2,5.0,Gain
760779,SIDM01059,CDH1,5.0,Gain
760805,SIDM01059,EP300,5.0,Gain
760807,SIDM01059,ERG,5.0,Gain
760808,SIDM01059,ETV1,6.0,Gain
763249,SIDM01066,MDM2,2.0,Loss
763265,SIDM01066,NCOR1,2.0,Loss
763266,SIDM01066,NCOR2,2.0,Loss
763415,SIDM01066,FGFR3,2.0,Loss
763463,SIDM01066,DAXX,2.0,Loss
763488,SIDM01066,CCND1,2.0,Loss
763500,SIDM01066,BCL2,2.0,Loss
763506,SIDM01066,ATM,2.0,Loss
763575,SIDM01066,FOXA1,2.0,Loss
763693,SIDM01066,PTEN,2.0,Loss
763781,SIDM01066,MYC,4.0,Gain
763826,SIDM01066,RB1,4.0,Gain
763849,SIDM01066,SMO,4.0,Gain
763872,SIDM01066,TSC2,4.0,Gain
763875,SIDM01066,VHL,4.0,Gain
763906,SIDM01066,ATR,4.0,Gain
763907,SIDM01066,AXIN1,4.0,Gain
763913,SIDM01066,BRCA2,4.0,Gain
763920,SIDM01066,CDH1,4.0,Gain
763934,SIDM01066,CTNNB1,4.0,Gain
763940,SIDM01066,EGFR,4.0,Gain
763947,SIDM01066,ETV1,4.0,Gain
763950,SIDM01066,EZH2,4.0,Gain
769406,SIDM01072,RB1,1.0,Loss
769585,SIDM01072,SPOP,1.0,Loss
769730,SIDM01072,ATR,1.0,Loss
769740,SIDM01072,BCL2,1.0,Loss
769754,SIDM01072,BRCA1,1.0,Loss
769755,SIDM01072,BRCA2,1.0,Loss
769825,SIDM01072,CTNNB1,1.0,Loss
769861,SIDM01072,EP300,1.0,Loss
769912,SIDM01072,FGFR3,1.0,Loss
770081,SIDM01072,NCOR1,1.0,Loss
770085,SIDM01072,NF1,1.0,Loss
789425,SIDM01101,VHL,1.0,Loss
789455,SIDM01101,SPOP,3.0,Gain
789469,SIDM01101,BRCA1,3.0,Gain
789477,SIDM01101,CDH1,3.0,Gain
789486,SIDM01101,DAXX,3.0,Gain
789493,SIDM01101,EGFR,3.0,Gain
789496,SIDM01101,ETV1,3.0,Gain
789530,SIDM01101,MYC,3.0,Gain
789531,SIDM01101,NCOR2,3.0,Gain
789596,SIDM01101,NCOR1,1.0,Loss
789736,SIDM01101,NF1,1.0,Loss
789773,SIDM01101,EP300,1.0,Loss
789958,SIDM01101,ATM,1.0,Loss
790028,SIDM01101,CTNNB1,1.0,Loss
800063,SIDM01114,TERT,4.0,Gain
800098,SIDM01114,MYC,4.0,Gain
800099,SIDM01114,MAP3K1,4.0,Gain
800747,SIDM01114,BCL2,1.0,Loss
803965,SIDM01120,BRCA2,1.0,Loss
804179,SIDM01120,RB1,1.0,Loss
804345,SIDM01120,CTNNB1,1.0,Loss
804369,SIDM01120,EP300,1.0,Loss
804404,SIDM01120,FGFR3,1.0,Loss
804508,SIDM01120,NCOR1,1.0,Loss
804518,SIDM01120,PTCH1,3.0,Gain
804529,SIDM01120,SMO,3.0,Gain
804533,SIDM01120,SPOP,3.0,Gain
804539,SIDM01120,TERT,3.0,Gain
804557,SIDM01120,EZH2,3.0,Gain
804558,SIDM01120,ERG,3.0,Gain
804560,SIDM01120,EGFR,3.0,Gain
804566,SIDM01120,DAXX,3.0,Gain
804580,SIDM01120,ATR,3.0,Gain
822368,SIDM01141,BRCA1,3.0,Gain
822378,SIDM01141,IDH1,3.0,Gain
822403,SIDM01141,MED12,3.0,Gain
822416,SIDM01141,SMO,3.59,Amplification
822441,SIDM01141,EP300,1.0,Loss
822451,SIDM01141,NCOR2,3.0,Gain
822456,SIDM01141,SMO,4.0,Amplification
822462,SIDM01141,EZH2,4.0,Amplification
822475,SIDM01141,CASP8,3.0,Gain
822515,SIDM01141,EGFR,1.42,Loss
822545,SIDM01141,VHL,1.0,Loss
822568,SIDM01141,CCND1,3.0,Gain
822693,SIDM01141,CTNNB1,1.0,Loss
822766,SIDM01141,SPOP,3.0,Gain
822767,SIDM01141,AR,3.0,Gain
822804,SIDM01141,BAX,3.0,Gain
822986,SIDM01141,BCL2,1.0,Loss
823059,SIDM01141,CTNNB1,1.0,Loss
823186,SIDM01141,VHL,1.0,Loss
823227,SIDM01141,EP300,1.0,Loss
823243,SIDM01141,ETV1,1.0,Loss
823439,SIDM01141,NCOR1,1.0,Loss
823684,SIDM01141,EZH2,4.21,Amplification
823744,SIDM01141,ETV1,0.34,Deletion
823800,SIDM01141,BCL2,1.0,Loss
823806,SIDM01141,BAX,4.0,Amplification
847965,SIDM01177,ERG,3.0,Gain
874453,SIDM01240,CCND1,14.18,Amplification
874486,SIDM01240,ATM,3.0,Loss
874488,SIDM01240,AXIN1,3.0,Loss
874504,SIDM01240,BRCA1,3.0,Loss
874505,SIDM01240,BRCA2,3.0,Loss
874532,SIDM01240,CDH1,3.0,Loss
874570,SIDM01240,DAXX,3.0,Loss
874619,SIDM01240,EZH2,7.0,Gain
874645,SIDM01240,FGFR3,3.0,Loss
874653,SIDM01240,FOXA1,3.0,Loss
874760,SIDM01240,MDM2,3.0,Loss
874791,SIDM01240,NCOR2,3.0,Loss
874792,SIDM01240,NF1,2.0,Loss
874868,SIDM01240,PTCH1,2.0,Loss
875066,SIDM01240,TSC2,3.0,Loss
875067,SIDM01240,TSC1,3.0,Loss
875088,SIDM01240,RB1,3.0,Loss
875133,SIDM01240,SMO,7.0,Gain
875150,SIDM01240,EP300,7.0,Gain
875169,SIDM01240,MYC,7.0,Gain
875216,SIDM01242,MDM2,14.12,Amplification
875220,SIDM01242,TERT,6.0,Amplification
875230,SIDM01242,CTNNB1,10.37,Amplification
875233,SIDM01242,AR,5.0,Gain
875289,SIDM01242,ATR,2.0,Loss
875324,SIDM01242,PTEN,2.0,Loss
875480,SIDM01242,VHL,2.0,Loss
875546,SIDM01242,CASP8,1.0,Loss
875691,SIDM01242,FGFR3,2.0,Loss
875825,SIDM01242,MED12,5.0,Gain
875947,SIDM01242,FOXA1,2.0,Loss
875957,SIDM01242,BCL2,1.0,Loss
880660,SIDM01259,RB1,1.0,Loss
880752,SIDM01259,VHL,1.0,Loss
880781,SIDM01259,SMO,3.0,Gain
880805,SIDM01259,EZH2,3.0,Gain
880806,SIDM01259,ETV1,3.0,Gain
880810,SIDM01259,EGFR,3.0,Gain
880860,SIDM01259,MYC,3.0,Gain
881033,SIDM01259,BRCA2,1.0,Loss
881251,SIDM01259,CTNNB1,1.0,Loss
